"1","SEDA","45ドル","40ドル","100ドル","大規模","スパルタ","10%","10人","アイルランドに初めて留学生を送った語学学校","2"
"1","SEDA","45ドル","40ドル","100ドル","大規模","スパルタ","10%","10人","アイルランドに初めて留学生を送った語学学校","2"
"1","SEDA","45ドル","40ドル","100ドル","大規模","スパルタ","10%","10人","アイルランドに初めて留学生を送った語学学校","2"
"1","SEDA","45ドル","40ドル","100ドル","大規模","スパルタ","10%","10人","アイルランドに初めて留学生を送った語学学校","2"
"1","SEDA","45ドル","40ドル","100ドル","大規模","スパルタ","10%","10人","アイルランドに初めて留学生を送った語学学校","2"
"1","SEDA","45ドル","40ドル","100ドル","大規模","スパルタ","10%","10人","アイルランドに初めて留学生を送った語学学校","2"
"1","SEDA","45ドル","40ドル","100ドル","大規模","スパルタ","10%","10人","アイルランドに初めて留学生を送った語学学校","2"
"1","SEDA","45ドル","40ドル","100ドル","大規模","スパルタ","10%","10人","アイルランドに初めて留学生を送った語学学校","2"
"1","SEDA","45ドル","40ドル","100ドル","大規模","スパルタ","10%","10人","アイルランドに初めて留学生を送った語学学校","2"
"1","SEDA","45ドル","40ドル","100ドル","大規模","スパルタ","10%","10人","アイルランドに初めて留学生を送った語学学校","2"
"1","SEDA","45ドル","40ドル","100ドル","大規模","スパルタ","10%","10人","アイルランドに初めて留学生を送った語学学校","2"
"1","SEDA","45ドル","40ドル","100ドル","大規模","スパルタ","10%","10人","アイルランドに初めて留学生を送った語学学校","2"
"1","SEDA","45ドル","40ドル","100ドル","大規模","スパルタ","10%","10人","アイルランドに初めて留学生を送った語学学校","2"
"1","SEDA","45ドル","40ドル","100ドル","大規模","スパルタ","10%","10人","アイルランドに初めて留学生を送った語学学校","2"
